{
  "version": 1,
  "n": 1328,
  "s_d": 11.184135978,
  "s_f": 312.66989691073013,
  "cycles": [
    {
      "start": 0,
      "end": 48,
      "w_c": 0.07388429751464964,
      "j": [
        0,
        23,
        11,
        35,
        null,
        null,
        null,
        null,
        6,
        29,
        null,
        null
      ],
      "le_metric": [
        [
          -0.033994334,
          1.227259466
        ],
        [
          0.023371105125,
          -70.91765775276907
        ],
        [
          0.7839943347500002,
          99.23235109248228
        ],
        [
          -0.866855524,
          -99.28943183
        ],
        null,
        null,
        [
          0.5383905265651024,
          0.0
        ],
        [
          -0.6028348553975824,
          0.0
        ],
        [
          0.4121813035000001,
          94.39086430360412
        ],
        [
          -0.4218387841818182,
          -91.58994155781514
        ],
        null,
        null
      ]
    },
    {
      "start": 48,
      "end": 135,
      "w_c": 0.13640036725483068,
      "j": [
        48,
        91,
        68,
        112,
        129,
        90,
        null,
        null,
        58,
        102,
        132,
        91
      ],
      "le_metric": [
        [
          0.016997167,
          82.96612802
        ],
        [
          0.033994334,
          -89.12313064
        ],
        [
          1.5710238765238094,
          108.05098034294168
        ],
        [
          -1.572237959909091,
          -112.72085652321688
        ],
        [
          -0.4305949010000003,
          87.96112422712744
        ],
        [
          0.1079820027647058,
          -87.77182676602408
        ],
        [
          1.2891520617179193,
          0.0
        ],
        [
          -1.3579189857814329,
          0.0
        ],
        [
          0.7940105217619047,
          100.97487235043178
        ],
        [
          -0.807365439,
          -104.25964445
        ],
        [
          -0.1983002834999999,
          92.13771219168154
        ],
        [
          0.033994334,
          -89.12313064
        ]
      ]
    },
    {
      "start": 135,
      "end": 261,
      "w_c": 0.2430670339428913,
      "j": [
        135,
        199,
        166,
        231,
        248,
        187,
        null,
        null,
        150,
        215,
        256,
        193
      ],
      "le_metric": [
        [
          0.033994334,
          95.59447733
        ],
        [
          -0.0082410503030303,
          -99.80877817319109
        ],
        [
          2.3886331443437494,
          112.9307760705764
        ],
        [
          -2.447592068,
          -126.2176127
        ],
        [
          -1.1857223797199998,
          88.50971172929063
        ],
        [
          0.9197356000370368,
          -87.56113551775626
        ],
        [
          2.1287858890604117,
          0.0
        ],
        [
          -2.112107858371302,
          0.0
        ],
        [
          1.1733356938437498,
          105.75027000849543
        ],
        [
          -1.227916559151515,
          -113.5510849868698
        ],
        [
          -0.5711048161999996,
          98.79427240372586
        ],
        [
          0.4551463649259255,
          -95.00320702581216
        ]
      ]
    },
    {
      "start": 261,
      "end": 445,
      "w_c": 0.44728191001054485,
      "j": [
        261,
        356,
        309,
        401,
        417,
        330,
        null,
        null,
        286,
        378,
        432,
        343
      ],
      "le_metric": [
        [
          -0.186968839,
          99.5322485
        ],
        [
          -0.033994334,
          -109.0717439
        ],
        [
          3.535410765,
          121.6191543
        ],
        [
          -3.535410765,
          -140.4120354
        ],
        [
          -2.3751304610000004,
          88.02732256525138
        ],
        [
          1.970842258390244,
          -88.37928772722917
        ],
        [
          3.1592599508779347,
          0.0
        ],
        [
          -3.147913820440808,
          0.0
        ],
        [
          1.7517705380833335,
          111.0061822279637
        ],
        [
          -1.7457979224888889,
          -123.60086522791676
        ],
        [
          -1.221112271,
          104.30089743838464
        ],
        [
          0.9684239621951214,
          -101.16801293021804
        ]
      ]
    },
    {
      "start": 445,
      "end": 686,
      "w_c": 0.7144719925093641,
      "j": [
        445,
        566,
        504,
        624,
        640,
        526,
        null,
        null,
        476,
        595,
        662,
        546
      ],
      "le_metric": [
        [
          -0.220963173,
          108.8270449
        ],
        [
          -0.0145690000357144,
          -117.55976858459373
        ],
        [
          4.340308872919354,
          127.75605879661296
        ],
        [
          -4.521246459,
          -156.5772261
        ],
        [
          -3.342371509785714,
          87.68214244453634
        ],
        [
          3.09348441925,
          -87.72327247736163
        ],
        [
          4.17694252812507,
          0.0
        ],
        [
          -4.128005337783937,
          0.0
        ],
        [
          2.1756373935,
          116.9252214222887
        ],
        [
          -2.2679077295,
          -133.9242507495979
        ],
        [
          -1.6462970457142856,
          108.8454806467298
        ],
        [
          1.539457709607143,
          -106.41239729358468
        ]
      ]
    },
    {
      "start": 686,
      "end": 971,
      "w_c": 1.05,
      "j": [
        686,
        829,
        756,
        899,
        918,
        775,
        null,
        null,
        720,
        864,
        946,
        802
      ],
      "le_metric": [
        [
          0.203966006,
          118.2234855
        ],
        [
          0.0262456261323522,
          -131.58957227983458
        ],
        [
          5.609065156,
          131.380761
        ],
        [
          -5.4194629538028165,
          -181.28913591073015
        ],
        [
          -4.31993626046875,
          87.49871475302952
        ],
        [
          4.197050491279412,
          -87.31492015161784
        ],
        [
          5.179371827604989,
          0.0
        ],
        [
          -5.136799216639411,
          0.0
        ],
        [
          2.8292998788571437,
          123.45611756003876
        ],
        [
          -2.6963252603521126,
          -156.27831820782305
        ],
        [
          -2.16342067984375,
          115.6449826468004
        ],
        [
          2.1116480587058817,
          -116.79956718116696
        ]
      ]
    },
    {
      "start": 971,
      "end": 1182,
      "w_c": 0.699733700620147,
      "j": [
        971,
        1066,
        1019,
        1125,
        1141,
        1036,
        null,
        null,
        997,
        1096,
        1162,
        1051
      ],